<?xml version="1.0" encoding="UTF-8"?>
<project-private xmlns="http://www.netbeans.org/ns/project-private/1">
    <editor-bookmarks xmlns="http://www.netbeans.org/ns/editor-bookmarks/2" lastBookmarkId="0"/>
    <open-files xmlns="http://www.netbeans.org/ns/projectui-open-files/2">
        <group>
            <file>file:/C:/Users/ishka/OneDrive/Documents/NetBeansProjects/ABC_Assignment_2/src/abc_assignment_2/ABC_Assignment_2.java</file>
            <file>file:/C:/Users/ishka/OneDrive/Documents/NetBeansProjects/ABC_Assignment_2/test/abc_assignment_2/Student_2Test.java</file>
            <file>file:/C:/Users/ishka/OneDrive/Documents/NetBeansProjects/ABC_Assignment_2/src/abc_assignment_2/Student_2.java</file>
        </group>
    </open-files>
</project-private>
